City,Company Name,Website,Phone,Owner/Contact,Ad Spend Detected,Spanish Services Notes
Los Angeles,Best Roofing LA,bestroofingla.com,(818) 873-7982,Eli B.,Yes,Active PPC detected. High potential.
Houston,TrueWorks Roofing,trueworksroofing.com,(713) 903-7663,Joel & Laura (Joel is HARCA President),Yes,Active Google Ads detected. Top tier lead.
Los Angeles,American High Tech Roof Coatings Inc,ahtrci.com,(323) 484-3634,Research Needed,Yes,Found via Sponsored result.
Los Angeles,US Longton Construction,uslongton.com,(800) 801-4433,Research Needed,Yes,Found via Sponsored result.
Los Angeles,Bilt-Well Roofing,biltwellroofing.com,323.254.2888,Research Needed,Yes,90 years in business. High local presence.
Houston,Amstill Roofing,amstillroofing.com,(281) 495-1888,Research Needed (Family Owned),Yes,Found via Sponsored result.
Houston,JC&C Roofing,jccroofing.com,(281) 852-9555,Research Needed,Yes,Found via Sponsored result.
Houston,Precision Roof Crafters,precisionroofcrafters.com,(713) 799-8555,Research Needed,Yes,Long-time advertiser.
Miami,T&S Roofing Systems,tsroofingsystems.com,(305) 633-2240,Research Needed,Yes,High ad presence in Miami.
Miami,Miami Roof-Tech,miamirooftech.com,(305) 596-3838,Research Needed,Yes,Active Local Service Ads.
Miami,A&E Brothers Roofing,aebrothersroofing.com,(305) 815-7208,Research Needed,Yes,Aggressive Miami market advertising.
Los Angeles,Benefit Roofing,benefitroofing.com,(877) 505-1815,Research Needed,No,Strong SEO/Organic presence.
Los Angeles,All In Roofing,allinroofing.com,(818) 452-3211,Research Needed,No,High review count.
Los Angeles,Costar Roofing Los Angeles,costarroofing.com,(310) 906-2580,Research Needed,No,Active locally.
Houston,EZ Roof and Construction,ezroofhouston.com,(713) 682-1201,Research Needed,No,Large local operation.
Houston,TX Roofing & Services,txroofing.com,(832) 767-1473,Research Needed,No,High lead volume market.
Houston,Monarch Roofing Houston,monarchroofinghouston.com,(832) 548-8424,Research Needed,No,Growing brand.
Miami,Centurion Roofing,centurionroof.com,(305) 234-8871,Research Needed,No,Established Miami roofer.
Miami,Top Hat Roofing,tophatroofing.com,(305) 235-9003,Research Needed,No,Niche market focus.
Miami,Jireh Roofing Contractor USA INC,jirehroofing.com,(786) 360-1215,Research Needed,No,Local reputation.
Miami,Mainland Roofing Company,mainlandroofing.com,(305) 223-8841,Research Needed,No,Standard local outreach.
